Drop Off Location,Stake,# of Adult Volunteers in this route,# of Youth Volunteers in this route,# of Donation Bags Collected/Route,Time to Complete (in minutes) pick up of bags /route,Number of routes completed,# of Doors in Route
Londonderry Chapel,Bonnie Doon Stake,1,3,14,25,1,14
Gateway Stake Centre,Gateway Stake,3,1,18,25,2,144
Gateway Stake Centre,Gateway Stake,2,0,20,30,1,186
Gateway Stake Centre,Gateway Stake,2,1,20,25,1,180
Londonderry Chapel,Bonnie Doon Stake,1,0,2,5,1,1
Bearspaw Chapel,Gateway Stake,2,0,20,20,1,179
Gateway Stake Centre,Gateway Stake,1,4,17,25,1,141
Londonderry Chapel,Bonnie Doon Stake,2,0,32,45,1,27
Londonderry Chapel,Bonnie Doon Stake,2,0,100,5,2,200
Bearspaw Chapel,Bonnie Doon Stake,2,3,15,45,1,13
Bonnie Doon Stake Centre,Bonnie Doon Stake,1,2,30,30,1,300
Londonderry Chapel,Bonnie Doon Stake,1,0,17,60,1,110
Londonderry Chapel,Bonnie Doon Stake,3,2,20,40,1,107
Coronation Park Chapel,Bonnie Doon Stake,2,1,25,55,1,20
Londonderry Chapel,Bonnie Doon Stake,2,3,24,45,3,250
Bonnie Doon Stake Centre,Bonnie Doon Stake,3,5,10,60,1,184
Londonderry Chapel,Bonnie Doon Stake,2,2,12,30,1,12
Londonderry Chapel,Bonnie Doon Stake,2,0,30,45,2,180
Londonderry Chapel,Bonnie Doon Stake,2,0,16,25,1,98
Bonnie Doon Stake Centre,Bonnie Doon Stake,2,2,10,20,2,120
Coronation Park Chapel,Bonnie Doon Stake,2,0,20,60,1,96
Gateway Stake Centre,Gateway Stake,5,0,29,30,1,19
Bonnie Doon Stake Centre,Bonnie Doon Stake,2,1,40,30,1,200
Coronation Park Chapel,Bonnie Doon Stake,2,0,18,63,1,140
Gateway Stake Centre,Gateway Stake,2,3,21,30,1,1
Bearspaw Chapel,Gateway Stake,5,3,24,40,1,157
Bonnie Doon Stake Centre,Bonnie Doon Stake,2,3,40,180,2,375
Gateway Stake Centre,Gateway Stake,3,0,35,30,1,250
Gateway Stake Centre,Gateway Stake,2,0,15,25,1,116
Bonnie Doon Stake Centre,Bonnie Doon Stake,2,0,30,30,1,115
Londonderry Chapel,Bonnie Doon Stake,1,1,36,45,1,15
Londonderry Chapel,Bonnie Doon Stake,2,0,16,30,1,110
Bonnie Doon Stake Centre,Bonnie Doon Stake,2,2,15,30,1,90
North Stake Centre,Edmonton North Stake,2,1,21,45,1,206
Gateway Stake Centre,Gateway Stake,2,3,21,32,1,202
North Stake Centre,Edmonton North Stake,1,1,23,45,1,206
Riverbend Stake Centre,Riverbend Stake,2,0,30,50,1,172
Londonderry Chapel,Bonnie Doon Stake,2,0,24,30,1,23
Coronation Park Chapel,Bonnie Doon Stake,2,0,5,32,1,302
North Stake Centre,Edmonton North Stake,2,3,29,60,1,107
Gateway Stake Centre,Gateway Stake,1,0,20,20,1,100
Londonderry Chapel,Bonnie Doon Stake,2,1,17,30,1,182
Londonderry Chapel,Bonnie Doon Stake,3,0,15,45,2,200
North Stake Centre,Edmonton North Stake,2,2,24,30,1,20
Gateway Stake Centre,Gateway Stake,2,0,26,45,1,150
Gateway Stake Centre,Gateway Stake,3,0,24,35,1,194
Bonnie Doon Stake Centre,Bonnie Doon Stake,3,3,30,60,2,100
Gateway Stake Centre,Gateway Stake,2,2,33,50,1,207
Londonderry Chapel,Bonnie Doon Stake,2,2,11,35,1,116
Bearspaw Chapel,Gateway Stake,2,0,15,45,1,135
Gateway Stake Centre,Gateway Stake,1,0,11,20,1,29
Riverbend Stake Centre,Riverbend Stake,2,3,22,30,1,80
North Stake Centre,Edmonton North Stake,2,0,23,100,1,160
Gateway Stake Centre,Gateway Stake,2,0,23,30,1,137
Gateway Stake Centre,Gateway Stake,1,4,16,20,2,147
Riverbend Stake Centre,Riverbend Stake,4,2,59,60,2,236
Gateway Stake Centre,Gateway Stake,1,1,5,17,1,135
North Stake Centre,Edmonton North Stake,2,3,35,70,1,370
Riverbend Stake Centre,Riverbend Stake,3,1,25,45,1,100
Gateway Stake Centre,Gateway Stake,2,0,15,40,1,115
North Stake Centre,Edmonton North Stake,2,2,16,60,1,200
Gateway Stake Centre,Gateway Stake,2,0,20,30,1,198
Bonnie Doon Stake Centre,Bonnie Doon Stake,2,0,25,40,1,235
Londonderry Chapel,Bonnie Doon Stake,2,0,20,35,1,100
Gateway Stake Centre,Gateway Stake,2,1,22,50,1,191
North Stake Centre,Edmonton North Stake,2,0,9,20,1,100
Gateway Stake Centre,Gateway Stake,2,0,31,58,1,27
Gateway Stake Centre,Gateway Stake,4,0,26,50,1,168
North Stake Centre,Edmonton North Stake,1,4,42,50,1,392
Bonnie Doon Stake Centre,Bonnie Doon Stake,2,3,18,120,1,100
Gateway Stake Centre,Gateway Stake,2,3,21,50,2,317
Riverbend Stake Centre,Riverbend Stake,3,0,54,75,1,212
Gateway Stake Centre,Gateway Stake,1,2,11,30,2,261
Coronation Park Chapel,Edmonton North Stake,1,2,31,45,2,453
Gateway Stake Centre,Gateway Stake,2,0,27,40,1,23
Gateway Stake Centre,Gateway Stake,2,0,12,25,1,110
Londonderry Chapel,Bonnie Doon Stake,2,0,34,60,2,32
Bearspaw Chapel,Gateway Stake,2,3,37,30,2,144
Gateway Stake Centre,Gateway Stake,2,0,26,35,1,220
Londonderry Chapel,Bonnie Doon Stake,2,0,9,45,1,180
Gateway Stake Centre,Gateway Stake,2,0,11,15,1,165
Bearspaw Chapel,Gateway Stake,1,1,6,60,2,315
Londonderry Chapel,Bonnie Doon Stake,2,2,43,60,2,300
Londonderry Chapel,Bonnie Doon Stake,2,1,35,60,2,250
Bearspaw Chapel,Gateway Stake,2,0,8,60,1,162
Coronation Park Chapel,Bonnie Doon Stake,1,1,38,90,2,300
Riverbend Stake Centre,Riverbend Stake,1,3,10,30,1,10
Gateway Stake Centre,Gateway Stake,2,3,20,50,1,219
Riverbend Stake Centre,Riverbend Stake,3,0,60,90,1,250
Londonderry Chapel,Bonnie Doon Stake,1,2,6,45,1,150
Londonderry Chapel,Bonnie Doon Stake,2,0,45,75,1,300
Gateway Stake Centre,Gateway Stake,2,0,24,40,1,167
Londonderry Chapel,Bonnie Doon Stake,2,3,35,60,1,180
Bearspaw Chapel,Bonnie Doon Stake,2,0,20,45,1,95
Gateway Stake Centre,Gateway Stake,7,1,46,60,1,219
Gateway Stake Centre,Gateway Stake,1,1,15,55,2,236
Riverbend Stake Centre,Riverbend Stake,2,0,20,45,1,13
Bearspaw Chapel,Gateway Stake,1,0,15,45,1,15
Londonderry Chapel,Bonnie Doon Stake,2,2,19,45,1,198
Coronation Park Chapel,Edmonton North Stake,1,0,30,47,2,155
Gateway Stake Centre,Gateway Stake,2,0,35,70,1,134
Londonderry Chapel,Bonnie Doon Stake,2,0,4,10,1,180
North Stake Centre,Edmonton North Stake,2,4,23,50,1,203
Londonderry Chapel,Bonnie Doon Stake,2,0,12,50,1,180
Londonderry Chapel,Bonnie Doon Stake,1,3,7,30,1,7
Riverbend Stake Centre,Riverbend Stake,2,0,40,60,1,20
Coronation Park Chapel,Bonnie Doon Stake,2,2,72,45,3,63
North Stake Centre,Edmonton North Stake,1,2,22,60,1,150
Bonnie Doon Stake Centre,Bonnie Doon Stake,3,1,40,60,1,160
Gateway Stake Centre,Gateway Stake,2,3,20,60,2,194
Bonnie Doon Stake Centre,Bonnie Doon Stake,1,0,33,45,2,130
Riverbend Stake Centre,Riverbend Stake,1,2,18,40,1,14
Gateway Stake Centre,Gateway Stake,2,0,17,40,1,170
Riverbend Stake Centre,Riverbend Stake,2,1,12,15,1,12
North Stake Centre,Edmonton North Stake,3,0,17,45,1,13
Gateway Stake Centre,Gateway Stake,2,0,37,15,4,520
North Stake Centre,Edmonton North Stake,2,0,12,100,1,175
Riverbend Stake Centre,Riverbend Stake,2,2,10,10,1,70
Riverbend Stake Centre,Riverbend Stake,1,3,50,60,1,38
Bonnie Doon Stake Centre,Bonnie Doon Stake,2,0,10,30,1,136
Riverbend Stake Centre,Riverbend Stake,4,0,23,45,1,192
North Stake Centre,Edmonton North Stake,1,3,15,60,1,14
North Stake Centre,Edmonton North Stake,1,3,7,40,1,90
Gateway Stake Centre,Gateway Stake,1,0,16,30,1,135
Gateway Stake Centre,Gateway Stake,1,2,28,35,1,203
Londonderry Chapel,Bonnie Doon Stake,1,2,12,20,1,110
Bonnie Doon Stake Centre,Bonnie Doon Stake,2,0,25,60,1,249
Bearspaw Chapel,Gateway Stake,1,2,15,55,1,158
Bearspaw Chapel,Gateway Stake,7,0,17,40,1,170
Gateway Stake Centre,Gateway Stake,2,2,9,20,1,138
Riverbend Stake Centre,Riverbend Stake,4,1,15,15,1,80
Bearspaw Chapel,Gateway Stake,3,3,55,47,1,165
Gateway Stake Centre,Gateway Stake,3,2,30,40,2,256
Gateway Stake Centre,Gateway Stake,3,1,40,100,2,419
North Stake Centre,Edmonton North Stake,2,2,15,60,1,106
Coronation Park Chapel,Bonnie Doon Stake,2,2,35,75,2,144
Gateway Stake Centre,Gateway Stake,2,1,11,60,2,11
Bonnie Doon Stake Centre,Bonnie Doon Stake,2,0,16,40,1,125
Gateway Stake Centre,Gateway Stake,1,2,32,35,1,173
North Stake Centre,Edmonton North Stake,2,0,18,55,1,90
Bonnie Doon Stake Centre,Bonnie Doon Stake,2,4,32,45,1,200
Coronation Park Chapel,Bonnie Doon Stake,3,0,18,45,1,143
Riverbend Stake Centre,Riverbend Stake,2,0,44,70,2,285
Gateway Stake Centre,Gateway Stake,2,3,30,60,2,23
Gateway Stake Centre,Gateway Stake,3,2,30,40,1,210
Bearspaw Chapel,Gateway Stake,2,0,35,60,1,148
Riverbend Stake Centre,Riverbend Stake,2,0,44,60,2,446
Londonderry Chapel,Bonnie Doon Stake,1,2,35,45,1,200
Coronation Park Chapel,Bonnie Doon Stake,3,1,117,45,4,403
North Stake Centre,Edmonton North Stake,2,0,30,105,3,356
Londonderry Chapel,Bonnie Doon Stake,2,2,40,70,2,200
Londonderry Chapel,Bonnie Doon Stake,2,0,3,3,1,180
Gateway Stake Centre,Gateway Stake,2,0,30,55,1,174
Bearspaw Chapel,Gateway Stake,4,3,26,30,1,148
Riverbend Stake Centre,Riverbend Stake,1,1,24,90,1,170
Riverbend Stake Centre,Riverbend Stake,2,0,70,90,1,312
Bonnie Doon Stake Centre,Bonnie Doon Stake,2,3,20,60,1,120
Gateway Stake Centre,Gateway Stake,1,0,26,40,2,191
Gateway Stake Centre,Gateway Stake,2,1,23,32,2,195
Londonderry Chapel,Bonnie Doon Stake,2,0,15,30,1,121
Gateway Stake Centre,Gateway Stake,2,3,13,15,1,115
Gateway Stake Centre,Gateway Stake,1,2,20,50,2,260
Bonnie Doon Stake Centre,Bonnie Doon Stake,1,1,18,45,1,125
Gateway Stake Centre,Gateway Stake,2,1,36,40,1,145
Bearspaw Chapel,Bonnie Doon Stake,5,1,6,15,1,40
Gateway Stake Centre,Gateway Stake,2,2,35,60,1,214
Gateway Stake Centre,Gateway Stake,2,0,6,15,1,168
North Stake Centre,Edmonton North Stake,3,2,43,60,2,40
Riverbend Stake Centre,Riverbend Stake,3,1,19,40,1,150
North Stake Centre,Edmonton North Stake,2,1,10,52,1,120
Riverbend Stake Centre,Riverbend Stake,2,1,48,44,2,208
Bonnie Doon Stake Centre,Bonnie Doon Stake,4,0,42,60,2,194
Riverbend Stake Centre,Riverbend Stake,1,2,40,30,1,220
Londonderry Chapel,Bonnie Doon Stake,1,1,30,60,1,100
Londonderry Chapel,Bonnie Doon Stake,1,5,25,45,1,25
Coronation Park Chapel,Bonnie Doon Stake,2,1,55,110,2,180
Bonnie Doon Stake Centre,Bonnie Doon Stake,1,1,40,150,2,180
Bearspaw Chapel,Gateway Stake,6,5,48,49,1,162
Bonnie Doon Stake Centre,Bonnie Doon Stake,2,2,17,51,1,75
Riverbend Stake Centre,Riverbend Stake,2,2,65,90,2,650
Bearspaw Chapel,Gateway Stake,2,2,15,60,1,100
Gateway Stake Centre,Gateway Stake,2,3,31,50,1,180
Londonderry Chapel,Bonnie Doon Stake,2,0,6,35,1,110
Londonderry Chapel,Bonnie Doon Stake,1,0,30,75,2,250
Coronation Park Chapel,Bonnie Doon Stake,4,0,37,45,2,180
Bearspaw Chapel,Bonnie Doon Stake,2,1,10,30,1,90
Londonderry Chapel,Bonnie Doon Stake,4,0,17,30,1,17
Gateway Stake Centre,Gateway Stake,2,2,34,28,1,203
Riverbend Stake Centre,Riverbend Stake,1,1,15,15,1,8
Gateway Stake Centre,Gateway Stake,1,0,14,24,2,146
Riverbend Stake Centre,Riverbend Stake,3,0,52,80,2,313
Gateway Stake Centre,Gateway Stake,2,3,50,90,3,460
Coronation Park Chapel,Bonnie Doon Stake,2,2,37,57,1,180
North Stake Centre,Edmonton North Stake,2,0,23,30,1,20
Bonnie Doon Stake Centre,Bonnie Doon Stake,2,3,28,57,2,200
North Stake Centre,Edmonton North Stake,2,2,19,30,1,100
Riverbend Stake Centre,Riverbend Stake,2,0,15,40,1,80
Riverbend Stake Centre,Riverbend Stake,2,3,27,60,1,21
Bearspaw Chapel,Bonnie Doon Stake,2,2,9,60,1,150
Gateway Stake Centre,Gateway Stake,2,3,30,35,1,30
Riverbend Stake Centre,Riverbend Stake,1,5,70,60,1,350
Bearspaw Chapel,Gateway Stake,2,1,20,60,1,147
Gateway Stake Centre,Gateway Stake,2,4,14,30,1,190
Gateway Stake Centre,Gateway Stake,2,0,38,90,1,243
Bearspaw Chapel,YSA Stake,1,2,50,60,2,110
Coronation Park Chapel,Bonnie Doon Stake,1,1,15,60,1,100
Gateway Stake Centre,Gateway Stake,2,0,6,15,2,136
Riverbend Stake Centre,Riverbend Stake,2,1,35,30,1,179
Riverbend Stake Centre,Riverbend Stake,2,0,8,20,1,150
Gateway Stake Centre,Gateway Stake,2,4,25,34,1,198
Londonderry Chapel,Bonnie Doon Stake,1,0,38,90,2,300
Londonderry Chapel,Bonnie Doon Stake,2,0,28,45,1,185
North Stake Centre,Edmonton North Stake,2,1,21,45,2,150
Riverbend Stake Centre,Riverbend Stake,1,1,30,45,1,158
Riverbend Stake Centre,Riverbend Stake,2,1,46,60,1,220
Gateway Stake Centre,Gateway Stake,2,1,25,45,1,230
Gateway Stake Centre,Gateway Stake,2,1,40,60,1,228
Bearspaw Chapel,Bonnie Doon Stake,1,2,31,60,1,143
Bearspaw Chapel,Gateway Stake,2,4,24,40,1,169
Gateway Stake Centre,Gateway Stake,2,0,8,30,1,144
North Stake Centre,Edmonton North Stake,2,1,17,60,1,50
Gateway Stake Centre,Gateway Stake,2,4,40,37,1,207
Riverbend Stake Centre,Riverbend Stake,2,0,44,80,1,200
Bonnie Doon Stake Centre,Bonnie Doon Stake,1,0,19,60,2,280
Gateway Stake Centre,Gateway Stake,2,0,25,30,1,150
North Stake Centre,Edmonton North Stake,1,3,30,75,1,100
Bearspaw Chapel,Gateway Stake,4,0,24,40,1,155
Riverbend Stake Centre,Riverbend Stake,2,4,45,120,1,45
Riverbend Stake Centre,Riverbend Stake,2,1,80,70,2,400
Gateway Stake Centre,Gateway Stake,2,1,24,60,1,220
Gateway Stake Centre,Gateway Stake,1,2,32,60,2,215
North Stake Centre,Edmonton North Stake,1,0,5,30,1,40
Londonderry Chapel,Bonnie Doon Stake,2,4,22,20,1,180
Riverbend Stake Centre,Riverbend Stake,3,0,14,30,1,159
Bonnie Doon Stake Centre,Bonnie Doon Stake,2,0,14,45,1,110
Riverbend Stake Centre,Riverbend Stake,3,1,34,60,1,150
Riverbend Stake Centre,Riverbend Stake,2,0,12,35,1,159
North Stake Centre,Edmonton North Stake,1,4,22,60,1,236
Riverbend Stake Centre,Riverbend Stake,2,2,35,30,1,207
North Stake Centre,Edmonton North Stake,1,5,16,30,1,120
Londonderry Chapel,Bonnie Doon Stake,1,4,40,60,2,400
Bearspaw Chapel,Bonnie Doon Stake,4,0,8,45,1,80
Gateway Stake Centre,Gateway Stake,2,3,23,58,1,23
Bonnie Doon Stake Centre,Bonnie Doon Stake,1,3,11,30,2,170
Gateway Stake Centre,Gateway Stake,3,1,28,30,1,123
Riverbend Stake Centre,Riverbend Stake,4,0,25,60,1,100
North Stake Centre,Edmonton North Stake,3,0,16,30,1,75
Riverbend Stake Centre,Riverbend Stake,2,2,30,25,1,196
Gateway Stake Centre,Gateway Stake,1,3,32,52,2,200
Gateway Stake Centre,Gateway Stake,1,1,120,70,6,900
Gateway Stake Centre,Gateway Stake,2,3,40,90,3,380
Coronation Park Chapel,Bonnie Doon Stake,2,0,44,60,2,266
Londonderry Chapel,Bonnie Doon Stake,2,0,16,60,1,100
Bearspaw Chapel,Gateway Stake,2,1,20,50,1,158
Gateway Stake Centre,Gateway Stake,1,1,25,35,1,26
Londonderry Chapel,Bonnie Doon Stake,2,2,39,60,1,180
Gateway Stake Centre,Gateway Stake,2,1,44,60,1,168
Gateway Stake Centre,Gateway Stake,2,3,24,60,1,128
Bearspaw Chapel,Bonnie Doon Stake,2,1,25,45,2,256
Bearspaw Chapel,Gateway Stake,2,0,44,75,1,125
Bearspaw Chapel,Gateway Stake,2,3,22,35,2,207
Gateway Stake Centre,Gateway Stake,2,0,20,55,1,25
Gateway Stake Centre,Gateway Stake,2,2,67,100,3,501
Bearspaw Chapel,Bonnie Doon Stake,2,5,15,25,1,115
Gateway Stake Centre,Gateway Stake,2,0,36,60,2,140
Gateway Stake Centre,Gateway Stake,2,1,16,30,1,114
Gateway Stake Centre,Gateway Stake,3,1,18,23,1,180
Gateway Stake Centre,Gateway Stake,2,0,27,40,2,267
Bearspaw Chapel,Gateway Stake,3,3,37,60,1,206
Bearspaw Chapel,Bonnie Doon Stake,2,0,12,60,1,180
Londonderry Chapel,Bonnie Doon Stake,3,0,150,120,4,450
Gateway Stake Centre,Gateway Stake,3,1,28,27,1,184
Londonderry Chapel,Bonnie Doon Stake,1,2,25,45,1,135
North Stake Centre,Edmonton North Stake,1,0,7,45,1,40
Gateway Stake Centre,Gateway Stake,2,0,28,90,2,460
Gateway Stake Centre,Gateway Stake,2,0,17,60,1,153
Londonderry Chapel,Bonnie Doon Stake,1,2,20,60,1,110
Gateway Stake Centre,Gateway Stake,2,4,59,105,2,492
Gateway Stake Centre,Gateway Stake,2,0,17,60,1,235
Riverbend Stake Centre,Riverbend Stake,2,1,100,90,3,482
Gateway Stake Centre,Gateway Stake,2,3,65,65,3,65
Gateway Stake Centre,Gateway Stake,1,3,25,35,1,19
Londonderry Chapel,Bonnie Doon Stake,2,0,15,20,1,50
Riverbend Stake Centre,Riverbend Stake,2,0,19,65,1,174
Londonderry Chapel,Bonnie Doon Stake,1,2,20,20,1,180
Gateway Stake Centre,Gateway Stake,2,2,36,35,1,216
North Stake Centre,Edmonton North Stake,1,1,14,60,1,135
Gateway Stake Centre,Gateway Stake,2,2,60,80,2,366
Londonderry Chapel,Bonnie Doon Stake,3,1,30,60,1,180
Londonderry Chapel,Bonnie Doon Stake,2,0,35,75,3,75
Gateway Stake Centre,Gateway Stake,1,2,24,30,1,244
Londonderry Chapel,Bonnie Doon Stake,2,2,60,60,3,165
North Stake Centre,Edmonton North Stake,1,3,30,35,1,272
Bearspaw Chapel,Gateway Stake,2,2,20,45,2,200
Gateway Stake Centre,Gateway Stake,2,3,25,40,1,60
Bearspaw Chapel,Gateway Stake,1,4,30,45,1,160
Bearspaw Chapel,Gateway Stake,2,4,18,45,1,154
North Stake Centre,Edmonton North Stake,2,4,80,110,5,500
Bearspaw Chapel,Gateway Stake,1,1,20,60,1,161
Gateway Stake Centre,Gateway Stake,3,5,66,115,3,654
Riverbend Stake Centre,Riverbend Stake,2,0,20,60,1,137
Bearspaw Chapel,Bonnie Doon Stake,2,4,45,90,2,180
Londonderry Chapel,Bonnie Doon Stake,1,1,12,60,1,180
Londonderry Chapel,Bonnie Doon Stake,1,0,55,180,1,225
Gateway Stake Centre,Gateway Stake,1,2,17,40,1,113
Bearspaw Chapel,Gateway Stake,2,3,50,45,1,240
Bearspaw Chapel,Gateway Stake,1,1,23,30,1,180
Gateway Stake Centre,Gateway Stake,2,3,30,62,1,200
Londonderry Chapel,Bonnie Doon Stake,2,0,5,15,1,218
Bearspaw Chapel,Gateway Stake,2,1,21,30,1,139
Gateway Stake Centre,Gateway Stake,2,4,50,45,1,236
Riverbend Stake Centre,Riverbend Stake,1,1,43,60,1,208
Gateway Stake Centre,Gateway Stake,2,3,25,40,1,118
Gateway Stake Centre,Gateway Stake,1,0,29,69,1,266
Gateway Stake Centre,Gateway Stake,2,0,40,65,1,239
Gateway Stake Centre,Gateway Stake,2,2,85,90,3,585
Bearspaw Chapel,Gateway Stake,2,1,30,40,2,165
Gateway Stake Centre,Gateway Stake,1,1,18,26,1,201
Bearspaw Chapel,Bonnie Doon Stake,1,0,13,60,1,180
Gateway Stake Centre,Gateway Stake,2,2,20,45,1,151
North Stake Centre,Edmonton North Stake,2,0,93,120,3,552
Gateway Stake Centre,Gateway Stake,2,3,22,40,1,118
Riverbend Stake Centre,Riverbend Stake,4,0,80,120,4,400
Gateway Stake Centre,Gateway Stake,2,2,29,45,1,342
Bearspaw Chapel,Gateway Stake,2,1,35,40,2,172
Bearspaw Chapel,Gateway Stake,1,0,23,60,1,163
Gateway Stake Centre,Gateway Stake,2,2,17,37,1,186
Bearspaw Chapel,Bonnie Doon Stake,2,0,22,30,1,145
Riverbend Stake Centre,Riverbend Stake,2,0,8,15,1,68
Bearspaw Chapel,Bonnie Doon Stake,2,0,11,38,1,158
Gateway Stake Centre,Gateway Stake,6,0,20,30,1,300
Bearspaw Chapel,Bonnie Doon Stake,2,3,60,90,2,257
Riverbend Stake Centre,Riverbend Stake,2,1,80,60,2,300
Londonderry Chapel,Bonnie Doon Stake,2,1,42,110,2,191
Bearspaw Chapel,Gateway Stake,2,3,32,30,1,157
Riverbend Stake Centre,Riverbend Stake,2,2,54,90,1,350
Riverbend Stake Centre,Riverbend Stake,3,1,100,105,2,80
Londonderry Chapel,Bonnie Doon Stake,4,0,200,240,7,607
Londonderry Chapel,Bonnie Doon Stake,3,1,25,60,1,25
Gateway Stake Centre,Gateway Stake,2,1,45,60,2,36
Riverbend Stake Centre,Riverbend Stake,3,1,110,120,3,430
Bearspaw Chapel,Bonnie Doon Stake,2,0,58,75,3,180
Riverbend Stake Centre,Riverbend Stake,2,3,39,120,1,110
Gateway Stake Centre,Gateway Stake,2,2,35,80,2,330
Riverbend Stake Centre,Riverbend Stake,2,3,88,40,1,380
Riverbend Stake Centre,Riverbend Stake,1,3,12,30,1,142
Gateway Stake Centre,Gateway Stake,3,4,33,30,3,206
Bearspaw Chapel,Gateway Stake,3,0,30,45,1,171
North Stake Centre,Edmonton North Stake,3,0,60,120,2,380
Bearspaw Chapel,Gateway Stake,4,5,14,30,1,180
Gateway Stake Centre,Gateway Stake,2,0,23,25,1,160
Gateway Stake Centre,Gateway Stake,1,1,45,90,2,180
Riverbend Stake Centre,Riverbend Stake,2,4,80,105,4,74
Bearspaw Chapel,Bonnie Doon Stake,2,3,20,45,1,147
Riverbend Stake Centre,Riverbend Stake,2,0,100,90,2,500
Bearspaw Chapel,Gateway Stake,3,0,8,30,1,60
Riverbend Stake Centre,Riverbend Stake,5,0,28,60,2,260
Bearspaw Chapel,Gateway Stake,3,4,14,60,2,147
Riverbend Stake Centre,Riverbend Stake,2,2,65,80,2,200
Bearspaw Chapel,Gateway Stake,3,4,25,35,2,166
Riverbend Stake Centre,Riverbend Stake,2,2,67,60,2,377
Riverbend Stake Centre,Riverbend Stake,3,0,34,90,2,246
Bearspaw Chapel,Gateway Stake,4,1,32,75,1,178
Gateway Stake Centre,Gateway Stake,1,1,25,25,1,226
Riverbend Stake Centre,Riverbend Stake,1,1,125,150,3,650
North Stake Centre,Edmonton North Stake,2,2,145,150,5,2500
Riverbend Stake Centre,Riverbend Stake,2,2,40,75,1,215
Riverbend Stake Centre,Riverbend Stake,3,3,40,60,2,280
Riverbend Stake Centre,Riverbend Stake,2,0,20,70,1,160
Riverbend Stake Centre,Riverbend Stake,4,0,65,60,1,300
Gateway Stake Centre,Gateway Stake,2,2,52,125,3,324
Bearspaw Chapel,Gateway Stake,2,2,20,120,2,163
Bearspaw Chapel,Gateway Stake,2,2,20,60,1,168
Gateway Stake Centre,Gateway Stake,2,2,37,140,3,321
Riverbend Stake Centre,Riverbend Stake,4,0,56,120,2,200
Riverbend Stake Centre,Riverbend Stake,2,0,35,90,2,240
North Stake Centre,Edmonton North Stake,1,3,22,40,1,172
Gateway Stake Centre,Gateway Stake,2,5,39,45,2,466
Bearspaw Chapel,Gateway Stake,1,0,18,120,2,40
Bearspaw Chapel,Gateway Stake,3,0,22,90,2,158
Bearspaw Chapel,Gateway Stake,2,4,41,25,1,260
Riverbend Stake Centre,Riverbend Stake,1,0,25,80,2,273
Londonderry Chapel,Bonnie Doon Stake,2,0,1,30,1,100
Gateway Stake Centre,Gateway Stake,1,2,10,30,1,205
Bearspaw Chapel,Gateway Stake,2,3,42,30,1,95
Gateway Stake Centre,Gateway Stake,2,5,25,45,1,200
North Stake Centre,Edmonton North Stake,2,0,70,150,3,400
North Stake Centre,Edmonton North Stake,2,0,69,150,3,400
Bearspaw Chapel,Gateway Stake,1,4,19,20,2,109
Bearspaw Chapel,Gateway Stake,1,4,12,20,2,178
North Stake Centre,Edmonton North Stake,2,0,45,170,1,316
North Stake Centre,Edmonton North Stake,1,0,17,15,1,140
North Stake Centre,Edmonton North Stake,1,4,24,40,1,211
Gateway Stake Centre,Gateway Stake,1,3,77,120,2,472
Gateway Stake Centre,Gateway Stake,1,1,14,45,1,150
Gateway Stake Centre,Gateway Stake,2,2,124,165,6,759
Riverbend Stake Centre,Riverbend Stake,2,3,25,45,1,150
Bearspaw Chapel,Gateway Stake,1,2,15,45,2,162
Gateway Stake Centre,Gateway Stake,5,1,33,80,3,397
Gateway Stake Centre,Gateway Stake,2,1,50,135,2,419
Bearspaw Chapel,Gateway Stake,1,2,25,45,1,160
Gateway Stake Centre,Gateway Stake,1,1,12,60,1,92
Gateway Stake Centre,Gateway Stake,2,2,20,60,1,197
Bearspaw Chapel,Gateway Stake,2,1,14,70,1,147
Bearspaw Chapel,Gateway Stake,1,4,13,35,1,177
Bearspaw Chapel,Gateway Stake,3,2,68,112,3,466
Bearspaw Chapel,Bonnie Doon Stake,1,0,17,30,1,13
Bearspaw Chapel,Gateway Stake,2,0,19,45,1,100
Bearspaw Chapel,Gateway Stake,2,2,32,60,1,174
Bearspaw Chapel,Gateway Stake,2,0,16,20,1,67
Gateway Stake Centre,Gateway Stake,1,2,29,45,2,339
Gateway Stake Centre,Gateway Stake,2,2,17,37,2,197
Bearspaw Chapel,Gateway Stake,2,0,20,60,1,123
Bearspaw Chapel,Gateway Stake,2,3,49,60,2,241
Bearspaw Chapel,Gateway Stake,2,0,21,40,1,109
Bearspaw Chapel,Gateway Stake,2,2,25,10,1,190
Bearspaw Chapel,Gateway Stake,3,4,40,35,1,155
Parkland (Spruce Grove/Stony Plain),Edmonton North Stake,2,5,20,20,1,115
Riverbend Stake Centre,Riverbend Stake,2,1,29,40,3,200
Riverbend Stake Centre,Riverbend Stake,2,4,29,40,3,174
Riverbend Stake Centre,Riverbend Stake,2,4,39,80,3,262
Bearspaw Chapel,Gateway Stake,2,2,25,75,1,202
Bearspaw Chapel,Bonnie Doon Stake,4,5,34,55,1,157
Bearspaw Chapel,Gateway Stake,2,0,28,70,1,142
Gateway Stake Centre,Gateway Stake,2,0,150,150,6,180
Parkland (Spruce Grove/Stony Plain),Edmonton North Stake,1,0,16,30,1,180
Bearspaw Chapel,Bonnie Doon Stake,4,0,14,45,1,13
Bearspaw Chapel,Gateway Stake,2,0,22,60,1,180
Parkland (Spruce Grove/Stony Plain),Edmonton North Stake,2,0,29,60,3,240
Bearspaw Chapel,Bonnie Doon Stake,1,4,30,30,1,130
Parkland (Spruce Grove/Stony Plain),Edmonton North Stake,2,0,140,30,1,130
Morinville,Edmonton North Stake,2,1,25,105,2,525
Parkland (Spruce Grove/Stony Plain),Edmonton North Stake,2,1,8,90,2,180
Parkland (Spruce Grove/Stony Plain),Edmonton North Stake,1,3,52,72,3,254
Bonnie Doon Stake Centre,Bonnie Doon Stake,2,1,9,10,1,40
Bonnie Doon Stake Centre,Bonnie Doon Stake,1,2,24,20,2,120
Bonnie Doon Stake Centre,Bonnie Doon Stake,2,1,16,30,1,130
Bonnie Doon Stake Centre,Bonnie Doon Stake,3,0,14,30,1,110
Bonnie Doon Stake Centre,Bonnie Doon Stake,2,0,6,10,1,60
Bonnie Doon Stake Centre,Bonnie Doon Stake,2,0,12,20,1,66
Bonnie Doon Stake Centre,Bonnie Doon Stake,1,0,7,25,1,100
Bonnie Doon Stake Centre,Bonnie Doon Stake,3,0,28,90,1,65
Bonnie Doon Stake Centre,Bonnie Doon Stake,2,2,36,45,2,150
Morinville,Edmonton North Stake,1,3,80,240,2,420
Onoway,Edmonton North Stake,2,0,10,45,1,180
North Stake Centre,Edmonton North Stake,2,0,20,20,1,150
Parkland (Spruce Grove/Stony Plain),Edmonton North Stake,2,4,51,60,2,180
Coronation Park Chapel,Edmonton North Stake,1,3,55,195,1,279
Coronation Park Chapel,Edmonton North Stake,2,0,39,120,1,313
Coronation Park Chapel,Edmonton North Stake,3,0,12,180,1,161
Coronation Park Chapel,Edmonton North Stake,3,0,30,180,1,316
Coronation Park Chapel,Edmonton North Stake,2,0,26,75,1,187
Coronation Park Chapel,Edmonton North Stake,3,0,57,180,1,226
Coronation Park Chapel,Edmonton North Stake,1,3,71,195,1,343
Coronation Park Chapel,Edmonton North Stake,2,3,54,135,1,272
Coronation Park Chapel,Edmonton North Stake,2,3,27,135,1,298
Coronation Park Chapel,Edmonton North Stake,1,2,25,135,1,245
Coronation Park Chapel,Edmonton North Stake,1,2,25,135,1,239
Coronation Park Chapel,Edmonton North Stake,2,0,19,75,1,264
Coronation Park Chapel,Edmonton North Stake,2,3,21,45,1,289
Coronation Park Chapel,Edmonton North Stake,4,0,31,75,1,267
Coronation Park Chapel,Edmonton North Stake,2,3,12,75,1,200
Coronation Park Chapel,Edmonton North Stake,2,0,17,75,1,303
Coronation Park Chapel,Edmonton North Stake,1,0,35,105,1,288
Coronation Park Chapel,Edmonton North Stake,2,0,35,60,1,257
Coronation Park Chapel,Edmonton North Stake,2,0,17,120,1,186
Coronation Park Chapel,Edmonton North Stake,3,0,25,60,1,219
Coronation Park Chapel,Edmonton North Stake,1,1,20,60,1,280
Coronation Park Chapel,Edmonton North Stake,1,2,31,150,1,284
Coronation Park Chapel,Edmonton North Stake,1,3,80,120,1,296
Coronation Park Chapel,Edmonton North Stake,1,2,20,150,1,234
Coronation Park Chapel,Edmonton North Stake,1,2,28,150,1,264
Coronation Park Chapel,Edmonton North Stake,1,3,13,60,1,210
Coronation Park Chapel,Edmonton North Stake,1,3,13,60,1,289
Coronation Park Chapel,Edmonton North Stake,2,0,47,105,1,268
Coronation Park Chapel,Edmonton North Stake,1,0,14,60,1,254
Coronation Park Chapel,Edmonton North Stake,2,2,45,195,1,240
Coronation Park Chapel,Edmonton North Stake,2,2,40,195,1,288
Coronation Park Chapel,Edmonton North Stake,2,3,32,135,1,288
Coronation Park Chapel,Edmonton North Stake,2,3,47,135,1,213
Coronation Park Chapel,Edmonton North Stake,2,0,63,180,1,328
Coronation Park Chapel,Edmonton North Stake,1,0,23,135,1,281
Coronation Park Chapel,Edmonton North Stake,2,1,31,90,1,256
Coronation Park Chapel,Edmonton North Stake,1,0,33,120,1,297
Coronation Park Chapel,Edmonton North Stake,2,3,61,150,1,284
Coronation Park Chapel,Edmonton North Stake,2,3,37,120,1,275
Coronation Park Chapel,Edmonton North Stake,2,2,30,120,1,267
Coronation Park Chapel,Edmonton North Stake,2,2,18,120,1,275
Coronation Park Chapel,Edmonton North Stake,3,1,38,75,1,278
Coronation Park Chapel,Edmonton North Stake,1,0,22,120,1,237
Coronation Park Chapel,Edmonton North Stake,2,2,25,90,1,228
Coronation Park Chapel,Edmonton North Stake,2,1,24,150,1,216
Coronation Park Chapel,Edmonton North Stake,2,1,37,150,1,217
Coronation Park Chapel,Edmonton North Stake,2,1,22,150,1,234
Coronation Park Chapel,Edmonton North Stake,2,3,26,150,1,237
Coronation Park Chapel,Edmonton North Stake,1,2,15,45,1,153
Coronation Park Chapel,Edmonton North Stake,1,2,16,45,1,300
Coronation Park Chapel,Edmonton North Stake,2,0,28,120,1,273
Coronation Park Chapel,Edmonton North Stake,2,0,29,120,1,201
Coronation Park Chapel,Edmonton North Stake,2,1,27,150,1,255
Coronation Park Chapel,Edmonton North Stake,2,0,18,60,1,207
Coronation Park Chapel,Edmonton North Stake,1,2,16,30,1,201
Coronation Park Chapel,Edmonton North Stake,1,1,30,105,1,219
Coronation Park Chapel,Edmonton North Stake,1,1,30,105,1,154
Coronation Park Chapel,Edmonton North Stake,1,2,31,105,1,289
Coronation Park Chapel,Edmonton North Stake,1,2,53,105,1,320
Coronation Park Chapel,Edmonton North Stake,1,1,16,75,1,273
Coronation Park Chapel,Edmonton North Stake,1,1,33,75,1,293
Coronation Park Chapel,Edmonton North Stake,1,1,15,45,1,195
Coronation Park Chapel,Edmonton North Stake,1,1,15,45,1,155
Coronation Park Chapel,Edmonton North Stake,3,0,43,60,1,293
Coronation Park Chapel,Edmonton North Stake,2,3,38,150,1,305
Coronation Park Chapel,Edmonton North Stake,1,1,38,45,1,299
Coronation Park Chapel,Edmonton North Stake,1,1,30,60,1,273
Coronation Park Chapel,Edmonton North Stake,3,3,19,75,1,281